{
    "speaking_rate": [0.0, 11.477411477411476, 19.129019129019127, 26.78062678062678], 
    "noise": [17.12751579284668, 25.4012325831822, 33.67494937351772, 41.94866616385323, 50.22238295418875, 58.49609974452427, 66.76981653485979, 75.04353332519531], 
    "pitch_bins_male": [64.6531982421875, 115.69412231445312, 149.72140502929688, 183.74868774414062], 
    "pitch_bins_female": [120.17855072021484, 141.6242690945264, 184.51570584314953, 270.29857934039575]
}